,City,Cloudiness,Country,Date,Humidity,Lat,Lng,Max Temp,Wind Speed
0,Barrow,13,AR,1565562735,59,-38.31,-60.23,47.87,5.35
1,Haines Junction,100,CA,1565562737,37,60.75,-137.51,63.35,1.97
2,Busselton,0,AU,1565562738,45,-33.64,115.35,53.01,21.39
3,Kaitangata,54,NZ,1565562739,88,-46.28,169.85,44.01,4.0
4,Bredasdorp,28,ZA,1565562740,76,-34.53,20.04,54.0,10.29
5,Maceio,40,BR,1565562742,69,-9.67,-35.74,77.0,4.7
6,Marsberg,0,DE,1565562743,63,51.45,8.86,64.0,6.93
7,Jerantut,100,MY,1565562744,94,3.94,102.37,73.43,0.63
8,Rikitea,99,PF,1565562746,83,-23.12,-134.97,72.53,18.34
9,Ust-Maya,31,RU,1565562747,88,60.42,134.54,58.13,1.81
10,Bethel,75,US,1565562748,88,60.79,-161.76,64.4,9.17
11,Vila Franca do Campo,75,PT,1565562749,88,37.72,-25.43,68.0,12.75
12,Puerto Ayora,20,EC,1565562457,64,-0.74,-90.35,75.2,17.22
13,Sao Felix do Xingu,0,BR,1565562752,40,-6.64,-51.99,74.87,1.52
14,Kodiak,1,US,1565562753,66,39.95,-94.76,84.99,5.82
15,Mataura,72,NZ,1565562754,94,-46.19,168.86,46.0,3.0
16,Cape Town,75,ZA,1565562714,87,-33.93,18.42,55.0,11.41
17,Qaanaaq,95,GL,1565562757,67,77.48,-69.36,44.63,1.52
18,Shelburne,20,CA,1565562541,42,44.08,-80.2,82.99,6.93
19,Bluff,0,AU,1565562759,41,-23.58,149.07,59.75,2.13
20,Bambous Virieux,75,MU,1565562760,73,-20.34,57.76,72.0,13.87
21,Scarborough,44,GB,1565562623,76,54.28,-0.41,57.0,12.75
22,Clyde River,90,CA,1565562763,93,70.47,-68.59,42.8,16.11
23,Longyearbyen,20,NO,1565562764,75,78.22,15.63,41.0,8.05
24,Lebu,75,ET,1565562709,82,8.96,38.73,59.0,6.93
25,Hermanus,17,ZA,1565562766,79,-34.42,19.24,54.0,5.01
26,Loa Janan,72,ID,1565562768,85,-0.58,117.09,78.47,4.14
27,Farmington,1,US,1565562769,32,36.73,-108.21,81.0,6.93
28,Syasstroy,86,RU,1565562770,71,60.14,32.56,55.79,14.74
29,Carnarvon,5,ZA,1565562771,91,-30.97,22.13,38.87,7.94
30,Iqaluit,40,CA,1565562773,87,63.75,-68.52,42.8,10.29
31,Vila Velha,0,BR,1565562774,78,-3.71,-38.6,78.8,10.29
32,Kahului,20,US,1565562776,70,20.89,-156.47,86.0,5.82
33,Punta Arenas,20,CL,1565562777,77,-53.16,-70.91,32.0,9.17
34,Narsaq,0,GL,1565562778,30,60.91,-46.05,59.0,17.22
35,Lata,37,IN,1565562779,92,30.78,78.62,41.03,1.34
36,Mayya,90,RU,1565562780,93,61.74,130.28,57.2,4.47
37,Ushuaia,75,AR,1565562782,94,-54.81,-68.31,32.0,17.22
38,Kerema,100,PG,1565562783,91,-7.96,145.78,74.69,1.01
39,Pacifica,1,US,1565562784,72,37.61,-122.49,84.2,16.11
40,Feldkirchen,20,DE,1565562785,82,48.48,11.91,69.01,4.7
41,Ritchie,0,ZA,1565562787,21,-29.03,24.6,48.2,5.82
42,Mahebourg,75,MU,1565562788,73,-20.41,57.7,72.0,13.87
43,Kloulklubed,75,PW,1565562789,83,7.04,134.26,80.6,8.05
44,Ribeira Grande,40,PT,1565562790,83,38.52,-28.7,71.6,14.99
45,Furukawa,75,JP,1565562792,94,38.57,140.96,75.2,3.36
46,Marzuq,93,YE,1565562793,40,14.4,46.47,78.11,5.26
47,Sao Filipe,0,CV,1565562794,81,14.9,-24.5,76.67,15.84
48,Saskylakh,0,RU,1565562795,50,71.97,114.09,66.41,10.11
49,Cap Malheureux,75,MU,1565562797,73,-19.98,57.61,72.0,13.87
50,Bathsheba,40,BB,1565562798,74,13.22,-59.52,82.4,14.99
51,Porto Walter,68,BR,1565562799,60,-8.27,-72.74,78.65,1.28
52,Nanortalik,7,GL,1565562800,68,60.14,-45.24,47.33,10.85
53,Port Keats,41,AU,1565562801,24,-14.25,129.55,73.97,16.44
54,Watertown,75,US,1565562658,83,44.9,-97.12,75.0,3.36
55,Nongstoin,89,IN,1565562804,86,25.52,91.27,73.79,3.44
56,Arraial do Cabo,20,BR,1565562805,94,-22.97,-42.02,73.4,12.75
57,Butaritari,86,KI,1565562806,73,3.07,172.79,82.43,6.53
58,Dodge City,1,US,1565562808,31,37.75,-100.02,100.4,13.87
59,Dicabisagan,100,PH,1565562809,77,17.08,122.42,82.43,1.01
60,Kassala,100,SD,1565562810,79,15.45,36.38,77.57,10.74
61,Chokurdakh,0,RU,1565562811,63,70.62,147.9,52.37,12.46
62,Vaini,89,IN,1565562813,89,15.34,74.49,76.31,6.71
63,Vardo,1,US,1565562814,28,39.62,-77.74,86.0,8.05
64,Ryotsu,79,JP,1565562815,88,38.08,138.43,82.4,1.12
65,Cidreira,17,BR,1565562816,83,-30.17,-50.22,59.57,14.94
66,Avarua,22,CK,1565562784,78,-21.21,-159.78,77.0,6.93
67,Hilo,1,US,1565562819,58,19.71,-155.08,86.0,10.29
68,Cheyenne,75,US,1565562556,63,41.14,-104.82,84.0,9.17
69,Airai,1,TL,1565562821,37,-8.93,125.41,80.81,1.57
70,Mehamn,100,NO,1565562822,88,71.03,27.85,52.01,8.3
71,Pevek,3,RU,1565562824,92,69.7,170.27,37.61,22.53
72,Uzunovo,0,BG,1565562825,53,41.84,25.1,71.6,9.17
73,Kudahuvadhoo,100,MV,1565562826,73,2.67,72.89,83.15,6.29
74,Yining,28,CN,1565562827,88,29.04,114.56,76.13,1.28
75,El Seibo,40,DO,1565562829,74,18.76,-69.04,86.0,9.17
76,Port Alfred,78,ZA,1565562830,74,-33.59,26.89,60.01,5.99
77,Gravdal,86,NO,1565562831,87,59.79,5.78,62.01,6.93
78,Crotone,0,IT,1565562832,36,39.09,17.12,80.81,4.79
79,Guhagar,81,IN,1565562833,81,17.48,73.19,81.71,21.81
80,Ixtapa,75,MX,1565562835,62,20.71,-105.21,90.0,8.05
81,Castro,20,CL,1565562836,87,-42.48,-73.76,46.4,4.7
82,Saldanha,10,PT,1565562837,75,41.42,-6.55,53.99,5.26
83,Hithadhoo,100,MV,1565562838,71,-0.6,73.08,83.15,12.35
84,Itarema,0,BR,1565562840,74,-2.92,-39.92,76.49,9.6
85,Rancho Palos Verdes,20,US,1565562841,64,33.75,-118.37,86.0,16.11
86,Oksfjord,75,NO,1565562842,87,70.24,22.35,57.2,6.93
87,Coihaique,90,CL,1565562843,93,-45.58,-72.07,41.0,2.24
88,Azul,33,AR,1565562844,75,-36.78,-59.86,47.33,6.35
89,Sibenik,1,HR,1565562846,87,45.81,17.18,71.09,3.42
90,San Luis,0,AR,1565562847,21,-33.3,-66.34,56.51,16.08
91,Nechi,84,CO,1565562848,63,5.59,-75.16,70.0,4.43
92,Vao,63,EE,1565562849,97,59.1,26.19,57.41,8.66
93,Iranshahr,100,IR,1565562851,23,27.21,60.69,98.6,4.7
94,Tiksi,66,RU,1565562852,64,71.64,128.87,56.51,4.09
95,Mount Gambier,40,AU,1565562609,67,-37.83,140.78,49.31,11.12
96,Arbazh,58,RU,1565562854,94,57.68,48.31,41.93,8.61
97,Gat,40,SN,1565562855,83,14.69,-16.54,86.0,10.29
98,Isa Khel,0,AF,1565562857,19,36.67,68.84,73.61,2.59
99,Namatanai,74,PG,1565562858,73,-3.66,152.44,80.63,4.14
100,Kapaa,1,US,1565562859,62,22.08,-159.32,87.8,10.29
101,Yoichi,75,JP,1565562860,82,43.19,140.77,68.0,14.99
102,Kushima,40,JP,1565562862,94,31.5,131.29,80.6,12.75
103,Albany,40,US,1565562863,41,42.65,-73.75,79.0,14.99
104,Berezovka,7,RU,1565562864,96,55.71,42.61,44.99,5.01
105,Birao,100,CF,1565562865,97,10.3,22.78,70.73,4.16
106,Ginir,95,ET,1565562867,84,7.14,40.71,57.05,8.12
107,Hovd,0,NO,1565562868,93,63.83,10.7,61.0,2.24
108,Hobart,75,AU,1565562690,65,-42.88,147.33,50.0,17.22
109,Jamestown,0,AU,1565562584,90,-33.21,138.6,35.72,1.63
110,Vestmannaeyjar,62,IS,1565562872,75,63.44,-20.27,46.61,26.46
111,Bereda,40,ES,1565562873,82,43.27,-7.54,60.8,3.36
112,Virar,75,IN,1565562874,83,19.47,72.8,82.4,9.17
113,Bastia,0,IT,1565562875,73,44.6,8.98,78.01,5.82
114,Port Elizabeth,1,US,1565562877,37,39.31,-74.98,82.99,9.17
115,New Norfolk,75,AU,1565562667,65,-42.78,147.06,50.0,17.22
116,Sitka,49,US,1565562879,33,37.17,-99.65,100.0,10.0
117,Lappeenranta,90,FI,1565562880,93,61.06,28.19,59.0,5.82
118,Berlevag,100,NO,1565562882,93,70.86,29.09,48.59,12.39
119,Campbellsville,1,US,1565562883,35,37.34,-85.34,88.0,4.23
120,Mubende,97,UG,1565562884,84,0.56,31.4,63.71,2.24
121,Husavik,19,CA,1565562885,31,50.56,-96.99,73.99,4.0
122,Honiara,20,SB,1565562887,83,-9.43,159.96,82.4,4.7
123,Mandan,90,US,1565562888,73,46.83,-100.89,73.4,14.99
124,Ponta do Sol,0,BR,1565562889,57,-20.63,-46.0,67.49,2.06
125,Alta Floresta,0,BR,1565562890,23,-9.87,-56.08,93.2,5.82
126,Bowen,0,AU,1565562892,81,-20.01,148.25,63.0,4.7
127,Neiafu,20,TO,1565562893,78,-18.65,-173.98,80.6,10.29
128,Karasuyama,90,JP,1565562894,88,36.65,140.15,90.0,2.24
129,Yellowknife,20,CA,1565562895,55,62.45,-114.38,64.4,6.93
130,Taitung,75,TW,1565562897,74,22.76,121.15,82.4,5.82
131,Ancud,20,CL,1565562898,87,-41.87,-73.83,46.4,4.7
132,Mar del Plata,25,AR,1565562899,54,-46.43,-67.52,33.11,12.26
133,Sur,100,OM,1565562900,80,22.57,59.53,77.39,14.63
134,Singaraja,0,ID,1565562765,68,-8.11,115.08,79.01,2.44
135,Khatanga,0,RU,1565562903,49,71.98,102.47,68.03,6.42
136,Richards Bay,34,ZA,1565562904,85,-28.77,32.06,68.57,14.72
137,Salinopolis,0,BR,1565562905,78,-0.61,-47.36,82.07,19.33
138,Hamilton,75,CA,1565562768,61,43.26,-79.87,82.99,10.29
139,Kedrovyy,0,RU,1565562908,93,56.17,91.82,50.0,5.23
140,Vinh,100,VN,1565562909,79,18.67,105.69,82.61,3.24
141,Riverton,1,US,1565562910,23,43.02,-108.38,89.01,17.74
142,Camargo,11,MX,1565562912,22,27.69,-105.17,93.41,11.77
143,Mehran,0,IR,1565562913,23,33.12,46.17,84.2,2.24
144,Nasirabad,81,IN,1565562914,91,26.3,74.74,76.67,10.67
145,Diamantino,0,BR,1565562916,31,-14.4,-56.44,81.17,6.26
146,Lompoc,1,US,1565562917,72,34.64,-120.46,82.0,16.11
147,Cherskiy,100,RU,1565562918,63,68.75,161.3,55.25,9.1
148,Tuatapere,87,NZ,1565562919,94,-46.13,167.69,46.0,3.0
149,Soria,68,ES,1565562921,96,41.76,-2.46,48.05,6.35
150,Provideniya,90,RU,1565562922,93,64.42,-173.23,57.2,11.18
151,Grand Gaube,75,MU,1565562923,73,-20.01,57.66,73.0,13.87
152,Rawson,97,AR,1565562924,74,-43.3,-65.11,37.43,15.93
153,Constitucion,20,MX,1565562926,24,23.99,-104.67,82.99,4.7
154,Necochea,84,AR,1565562927,83,-38.55,-58.74,46.99,3.0
155,Kerchevskiy,100,RU,1565562928,96,59.95,56.29,48.41,8.41
156,Tezu,40,IN,1565562929,65,27.93,96.16,78.65,2.57
157,Yantal,91,RU,1565562931,91,56.85,105.25,51.47,12.64
158,Yarega,100,RU,1565562932,79,63.43,53.58,41.21,13.33
159,Charlestown,1,US,1565562933,54,41.38,-71.64,78.8,9.17
160,Nome,1,US,1565562934,53,30.04,-94.42,97.0,8.84
161,Samana,0,EC,1565562936,83,0.12,-76.97,78.8,5.82
162,Dondo,0,MZ,1565562937,82,-19.62,34.74,66.2,3.36
163,Norman Wells,90,CA,1565562938,71,65.28,-126.83,53.6,10.29
164,Tilichiki,100,RU,1565562939,87,60.47,166.1,55.79,3.76
165,Skjervoy,99,NO,1565562941,81,70.03,20.97,54.53,2.13
166,Porto Novo,0,BR,1565562942,77,-23.68,-45.44,68.0,5.82
167,Pangnirtung,0,CA,1565562943,70,66.15,-65.72,46.25,4.43
168,Henties Bay,0,NA,1565562944,90,-22.12,14.28,53.01,16.82
169,Urbana,75,US,1565562945,78,40.11,-88.21,82.4,6.93
170,Wanning,100,AT,1565562947,68,48.64,13.53,72.0,6.93
171,Coolum Beach,0,AU,1565562948,51,-26.53,153.09,53.01,5.99
172,Baruun-Urt,27,MN,1565562949,69,46.68,113.28,61.37,4.54
173,Nikolskoye,90,RU,1565562950,93,59.7,30.79,62.01,4.47
174,Sao Joao da Barra,0,BR,1565562952,88,-21.64,-41.05,73.4,5.3
175,Talara,0,PE,1565562953,290,-4.58,-81.27,62.6,22.57
176,Raudeberg,75,NO,1565562954,87,61.99,5.14,60.8,16.11
177,Ketchikan,75,US,1565562956,68,55.34,-131.65,66.2,10.29
178,Haukipudas,0,FI,1565562958,67,65.17,25.5,60.01,10.29
179,Mozarlandia,0,BR,1565562959,38,-14.74,-50.57,78.29,3.87
180,Qandala,0,SO,1565562960,46,11.47,49.87,89.09,25.46
181,Tasiilaq,0,GL,1565562962,93,65.61,-37.64,41.0,6.93
182,Yanam,100,IN,1565562963,79,16.73,82.22,80.63,8.59
183,Atuona,0,PF,1565562964,79,-9.8,-139.03,79.19,17.31
184,Aripuana,43,BR,1565562965,32,-9.17,-60.63,78.83,1.86
185,Balkanabat,39,TM,1565562966,29,39.51,54.36,80.81,18.66
186,Sulangan,91,PH,1565562968,67,11.14,123.72,81.71,4.63
187,Bonthe,34,SL,1565562969,88,7.53,-12.5,75.59,7.38
188,Samarai,100,PG,1565562970,95,-10.62,150.67,72.71,8.28
189,Dikson,94,RU,1565562971,90,73.51,80.55,40.13,10.94
190,Noumea,90,NC,1565562973,83,-22.28,166.46,69.8,4.7
191,Brae,96,GB,1565562974,71,60.4,-1.35,51.8,13.87
192,Severo-Kurilsk,43,RU,1565562975,93,50.68,156.12,49.31,13.35
193,Saint-Philippe,90,CA,1565562977,47,45.36,-73.48,78.8,16.11
194,Jurmala,0,LV,1565562978,87,56.97,23.77,55.99,4.7
195,Carpentras,20,FR,1565562776,72,44.06,5.05,75.2,18.34
196,Santiago de Cao,75,PE,1565562980,82,-7.96,-79.24,62.6,12.75
197,Tecoanapa,75,MX,1565562982,74,16.99,-99.26,86.0,5.82
198,Jhunjhunun,6,IN,1565562983,71,28.13,75.4,83.51,8.57
199,Lubana,99,CD,1565562984,94,0.23,29.1,61.91,2.66
200,Ust-Kuyga,0,RU,1565562985,41,70.0,135.55,72.71,11.88
201,Havre-Saint-Pierre,75,CA,1565562986,87,50.23,-63.6,60.8,8.05
202,Santa Cruz,3,BR,1565562988,80,-6.22,-36.02,70.01,17.2
203,Goya,0,AR,1565562989,84,-29.14,-59.27,55.07,5.14
204,Mansa,75,IN,1565562990,94,23.43,72.66,78.8,5.82
205,Luderitz,0,NA,1565562991,87,-26.65,15.16,53.6,12.75
206,Nisia Floresta,0,BR,1565562993,73,-6.09,-35.21,77.0,8.05
207,Te Anau,78,NZ,1565562994,93,-45.41,167.72,39.59,3.83
208,Praia da Vitoria,75,PT,1565562995,83,38.73,-27.07,71.01,13.89
209,Akhalgori,75,GE,1565562996,53,42.13,44.48,73.4,8.05
210,Novorudnyy,40,RU,1565562998,93,51.5,58.19,57.2,6.71
211,Sabang,50,PH,1565562999,68,13.8,121.11,84.0,5.01
212,Muroto,75,JP,1565563000,78,33.37,134.14,80.6,4.7
213,Hasaki,75,JP,1565563001,100,35.73,140.83,77.0,4.7
214,Gao,55,ML,1565563003,50,16.28,-0.04,86.75,17.54
215,Acambaro,75,MX,1565563004,47,20.03,-100.73,78.8,4.14
216,Avera,1,US,1565563005,66,33.19,-82.53,95.0,3.36
217,Ryazan,34,RU,1565563006,79,54.63,39.74,45.0,3.71
218,Canyon,40,US,1565562898,23,34.98,-101.92,99.0,17.22
219,Inuvik,90,CA,1565563009,62,68.36,-133.71,51.8,14.99
220,Ujszasz,0,HU,1565563010,78,47.3,20.08,73.4,6.62
221,Buraydah,0,SA,1565563011,26,26.33,43.97,84.2,5.82
222,Alice Springs,0,AU,1565563012,69,-23.7,133.88,37.4,4.7
223,Khorinsk,100,RU,1565563014,87,52.16,109.78,50.39,8.01
224,Guerrero Negro,14,MX,1565563015,88,27.97,-114.04,65.69,15.08
225,Tuktoyaktuk,90,CA,1565563016,93,69.44,-133.03,42.8,20.8
226,Terra Roxa,0,BR,1565563017,34,-20.79,-48.33,80.6,3.36
227,Mecca,17,SA,1565563019,61,21.43,39.83,86.21,5.01
228,Thinadhoo,100,MV,1565563020,77,0.53,72.93,82.25,14.29
229,Grand-Lahou,0,CI,1565563021,92,5.24,-5.0,69.47,3.18
230,Muros,40,ES,1565563022,93,42.77,-9.06,63.0,1.12
231,Lorengau,77,PG,1565563024,68,-2.02,147.27,82.61,1.36
232,Igarka,94,RU,1565563025,89,67.47,86.57,50.39,8.48
233,Prince Rupert,90,CA,1565563026,68,54.32,-130.32,64.4,3.36
234,Kamennogorsk,90,RU,1565563027,93,60.95,29.13,59.0,5.82
235,Swift Current,75,CA,1565563029,56,50.29,-107.8,68.0,12.75
236,Velikiy Ustyug,0,RU,1565563030,87,60.76,46.3,36.89,6.82
237,Mahina,77,ML,1565563031,81,13.76,-10.85,79.55,10.31
238,Flin Flon,40,CA,1565563032,40,54.77,-101.88,69.8,4.7
239,Luanda,20,AO,1565563033,94,-8.83,13.24,69.8,3.36
240,Grants Pass,1,US,1565562924,24,42.44,-123.33,81.0,4.97
241,Minggang,30,CN,1565563036,73,32.45,114.03,77.57,3.4
242,Palmer,75,AU,1565562951,87,-34.85,139.16,45.0,5.82
243,Bandarbeyla,0,SO,1565563038,67,9.49,50.81,75.05,29.73
244,Caravelas,0,BR,1565563039,86,-17.73,-39.27,72.53,8.08
245,Beringovskiy,96,RU,1565563041,86,63.05,179.32,54.53,3.56
246,Hokitika,19,NZ,1565563042,64,-42.72,170.96,50.93,3.8
247,Auki,43,NG,1565563044,82,12.18,6.51,74.15,9.31
248,Kutum,58,SD,1565563045,74,14.2,24.66,70.19,25.1
249,East London,50,ZA,1565562836,82,-33.02,27.91,52.01,5.57
250,Bend,1,US,1565563009,33,44.06,-121.32,73.4,11.41
251,Tura,100,RU,1565563049,61,64.27,100.22,55.25,3.56
252,Huarmey,26,PE,1565563050,88,-10.07,-78.15,60.11,19.6
253,Teguise,20,ES,1565563051,83,29.06,-13.56,71.6,23.04
254,Centralia,75,US,1565563052,64,46.72,-122.96,73.4,5.82
255,Santo Tomas,40,PH,1565563054,100,7.53,125.62,77.0,1.12
256,Sola,26,TZ,1565563055,52,-3.17,33.8,66.59,10.94
257,Bagru,40,IN,1565563057,100,26.81,75.54,78.8,4.7
258,Semnan,20,IR,1565563058,25,35.58,53.39,84.2,11.41
259,Qaqortoq,0,GL,1565563059,30,60.72,-46.03,59.0,17.22
260,Toora-Khem,42,RU,1565563061,93,52.47,96.11,45.17,1.12
261,Chernyshevskiy,0,RU,1565563062,63,63.01,112.47,62.45,8.75
262,Hami,0,CN,1565563063,23,42.84,93.51,74.51,6.98
263,Chuy,75,UY,1565562978,90,-33.69,-53.46,50.93,8.59
264,Bubaque,100,GW,1565563065,86,11.28,-15.83,78.47,19.64
265,Thompson,40,CA,1565563067,42,55.74,-97.86,68.0,14.99
266,Hualmay,28,PE,1565563068,86,-11.1,-77.61,59.57,21.05
267,Upernavik,10,GL,1565563069,63,72.79,-56.15,45.71,7.4
268,Zhangjiakou,43,CN,1565563070,85,40.77,114.88,60.11,14.94
269,Beyneu,0,KZ,1565563071,54,45.32,55.19,68.39,15.7
270,Korem,100,ET,1565563073,86,12.51,39.52,57.77,3.87
271,Qingdao,90,CN,1565563074,94,36.09,120.35,75.2,11.18
272,Broome,74,GB,1565563075,82,52.47,1.45,61.0,6.93
273,Monforte de Lemos,20,ES,1565563076,88,42.52,-7.51,55.0,2.17
274,Puerto Leguizamo,19,CO,1565563078,97,-0.19,-74.78,71.09,2.35
275,Quatre Cocos,75,MU,1565563061,73,-20.21,57.76,73.0,13.87
276,Ati,94,TD,1565563081,82,13.21,18.34,76.13,14.72
277,Cabo San Lucas,20,MX,1565562955,48,22.89,-109.91,91.0,10.29
278,Boyolangu,3,ID,1565563083,86,-8.09,111.9,69.83,4.0
279,Kruisfontein,13,ZA,1565563084,72,-34.0,24.73,49.13,10.2
280,Modra,0,SK,1565563086,73,48.34,17.31,75.2,5.82
281,Carroll,75,AU,1565563087,93,-30.99,150.44,39.99,4.7
282,Port Hardy,75,CA,1565563088,77,50.7,-127.42,62.6,6.93
283,Sohag,0,EG,1565563089,23,26.55,31.7,86.0,11.41
284,Petropavlovsk-Kamchatskiy,49,RU,1565563055,82,53.05,158.65,64.4,8.95
285,Kuala Lipis,100,MY,1565563092,94,4.19,102.05,73.43,0.63
286,Kindersley,75,CA,1565563093,45,51.47,-109.16,68.0,10.29
287,Aswan,0,EG,1565563094,12,24.09,32.9,85.31,8.86
288,Xining,0,CN,1565563096,55,36.62,101.77,53.63,1.97
289,Zagan,58,PL,1565563097,72,51.62,15.31,73.99,1.01
290,Chulman,15,RU,1565563098,72,56.84,124.9,64.43,1.05
291,Ilulissat,100,GL,1565563099,56,69.22,-51.1,46.61,9.31
292,Alofi,75,NU,1565563101,74,-19.06,-169.92,80.6,13.87
293,Vad,0,RO,1565563102,74,45.79,25.15,68.0,3.4
294,Half Moon Bay,1,US,1565563103,72,37.46,-122.43,87.01,16.11
295,Aykhal,75,RU,1565563104,67,65.95,111.51,57.2,6.71
296,Kupang,90,ID,1565563106,44,-10.16,123.6,78.8,13.87
297,Do Gonbadan,0,IR,1565563107,16,30.36,50.8,86.0,3.8
298,Dingle,88,PH,1565563080,78,11.0,122.67,81.17,8.19
299,Ngunguru,2,NZ,1565563109,72,-35.62,174.5,60.01,11.99
300,Isangel,75,VU,1565563110,83,-19.55,169.27,80.6,4.7
301,Georgetown,20,GY,1565563112,79,6.8,-58.16,84.2,6.93
302,Chirongui,0,YT,1565563113,83,-12.93,45.15,75.2,8.05
303,Inirida,16,CO,1565563114,94,3.87,-67.92,75.05,1.9
304,Victoria,75,BN,1565562964,88,5.28,115.24,80.6,4.54
305,Mangai,52,CD,1565563117,62,-4.07,19.59,77.93,2.19
306,Busayra,0,JO,1565563118,38,30.74,35.61,75.23,3.36
307,Namibe,35,AO,1565563119,85,-15.19,12.15,63.35,9.89
308,Esmeraldas,0,BR,1565563120,44,-19.76,-44.31,75.2,8.05
309,Monzon,40,IT,1565563122,93,46.45,11.69,72.0,25.28
310,Olga,1,US,1565563123,61,34.11,-118.17,89.01,3.36
311,Sorong,59,ID,1565563124,83,-0.86,131.25,80.09,9.55
312,Iaciara,0,BR,1565563125,40,-14.1,-46.63,71.09,0.6
313,Muzhi,100,RU,1565563127,97,65.4,64.7,44.27,14.67
314,Empalme,20,MX,1565563128,63,27.96,-110.81,100.99,17.22
315,Tarandacuao,75,MX,1565563129,47,20.0,-100.52,78.8,4.14
316,Kalmunai,99,LK,1565563131,69,7.42,81.82,77.03,3.33
317,Rio Grande,75,BR,1565563018,82,-32.03,-52.1,57.2,13.87
318,Laguna,40,BZ,1565563133,70,16.17,-88.94,87.8,6.93
319,Mareeba,0,AU,1565563134,72,-16.99,145.42,73.0,12.75
320,College,40,US,1565563135,52,64.86,-147.8,68.0,5.82
321,Ponerihouen,95,NC,1565563137,86,-21.08,165.4,67.67,4.5
322,Portland,75,US,1565563026,44,43.66,-70.25,75.99,11.41
323,Labuhan,80,ID,1565563139,75,-2.54,115.51,77.93,1.72
324,Tortoli,5,IT,1565563141,69,39.93,9.66,80.6,6.93
325,Kampong Thum,97,KH,1565563142,87,12.71,104.89,78.29,6.06
326,Hambantota,20,LK,1565563143,78,6.12,81.12,82.4,17.22
327,Cayenne,0,GF,1565563006,88,4.94,-52.33,78.8,2.24
328,Cairns,0,AU,1565563145,72,-16.92,145.77,73.0,12.75
329,Hervey Bay,0,AU,1565563147,37,-25.3,152.85,61.0,11.41
330,Tautira,20,PF,1565563148,66,-17.73,-149.15,84.2,3.36
331,Saint-Pierre,0,FR,1565563149,87,48.95,4.24,59.0,10.29
332,Kenai,1,US,1565563150,49,60.55,-151.26,75.2,8.05
333,Vangaindrano,70,MG,1565563151,95,-23.35,47.6,63.71,1.81
334,Karratha,30,AU,1565563087,24,-20.74,116.85,68.75,13.2
335,Poum,20,MK,1565563154,56,41.28,20.71,69.8,2.24
336,Sioux Lookout,40,CA,1565563155,49,50.1,-91.92,69.8,9.17
337,Esperance,0,AU,1565563118,100,-33.86,121.89,44.6,11.41
338,Iralaya,40,HN,1565563069,66,15.0,-83.23,89.6,5.82
339,Visby,27,SE,1565563159,87,57.64,18.3,66.99,8.05
340,Ojinaga,1,US,1565563160,18,29.56,-104.41,102.2,6.93
341,Okha,100,RU,1565563161,72,53.59,142.95,60.47,10.02
342,Aklavik,90,CA,1565563114,62,68.22,-135.01,51.8,14.99
343,San Cristobal,4,HN,1565563164,60,14.68,-86.92,76.49,6.87
344,Kitimat,75,CA,1565563165,43,54.02,-128.69,71.6,12.75
345,Faanui,13,PF,1565563000,79,-16.48,-151.75,79.37,12.12
346,Montepuez,0,MZ,1565563167,91,-13.13,39.0,62.63,2.66
347,Brownsville,40,US,1565563099,59,25.91,-97.49,98.6,19.46
348,Torbay,90,CA,1565563169,73,47.66,-52.73,69.8,20.8
349,Inzer,100,RU,1565563171,97,54.22,57.56,55.25,2.8
350,Inhambane,0,MZ,1565563172,90,-23.87,35.38,63.17,6.4
351,San-Pedro,12,CI,1565563173,95,4.75,-6.64,67.13,2.59
352,Tazovskiy,63,RU,1565563174,84,67.47,78.7,40.67,12.39
353,Shimoda,75,JP,1565563176,74,34.7,138.93,82.4,9.17
354,La Serena,0,CL,1565563177,76,-29.9,-71.25,55.4,8.05
355,Alghero,0,IT,1565563178,60,40.56,8.32,82.0,2.24
356,Shibetsu,75,JP,1565563179,82,44.15,142.46,66.2,5.82
357,San Blas,90,MX,1565563181,100,21.54,-105.29,69.8,3.36
358,Paamiut,18,GL,1565563182,76,61.99,-49.67,45.17,13.47
359,Lagoa,0,PT,1565563183,46,37.14,-8.45,71.6,13.87
360,Gurh,97,IN,1565563184,82,24.52,81.52,78.83,9.28
361,Osa,97,RU,1565563185,95,57.28,55.46,50.57,7.92
362,Manapparai,40,IN,1565563187,65,10.61,78.42,82.4,11.41
363,Bhaderwah,25,IN,1565563188,89,32.98,75.72,59.57,2.48
364,Somerset West,75,ZA,1565563189,87,-34.08,18.85,54.0,11.41
365,Gorontalo,34,ID,1565563191,73,0.54,123.06,80.27,7.78
366,Gondanglegi,10,ID,1565563192,87,-7.75,112.01,71.45,5.79
367,Mayo,75,CA,1565563193,62,63.59,-135.9,57.2,6.93
368,Acarigua,40,VE,1565563194,51,9.56,-69.21,84.2,6.93
369,Saint-Francois,0,FR,1565563196,93,46.42,3.91,57.2,2.24
370,Panjakent,0,UZ,1565563042,45,39.5,67.61,68.0,2.24
371,Taltal,0,CL,1565563198,73,-25.41,-70.49,51.83,3.74
372,Provost,100,CA,1565563199,86,52.35,-110.26,55.07,12.26
373,Longview,1,US,1565563032,39,32.5,-94.74,98.6,4.7
374,Morgan City,1,US,1565563202,66,29.7,-91.21,93.0,8.05
375,Melito di Porto Salvo,0,IT,1565563203,74,37.92,15.77,82.4,14.99
376,Shubarshi,52,KZ,1565563204,63,48.59,57.19,65.15,7.85
377,Pacific Grove,20,US,1565562923,64,36.62,-121.92,90.0,6.93
378,Pavilosta,67,LV,1565563207,93,56.89,21.19,60.8,5.82
379,Shuangcheng,40,CN,1565563208,100,45.37,126.3,66.2,6.71
380,Kongoussi,2,BF,1565563209,64,13.32,-1.53,82.25,8.52
381,Tselinnoye,0,UA,1565563210,50,45.9,34.18,71.63,4.38
382,Marawi,60,PH,1565563212,85,8.0,124.29,73.99,8.01
383,Mandera,43,ET,1565563213,61,3.94,41.86,73.79,12.12
384,Puerto Escondido,40,MX,1565563214,62,15.86,-97.07,89.6,10.29
385,Pisco,0,PE,1565563215,30,-13.71,-76.2,71.6,12.75
386,Eureka,1,US,1565563217,68,40.8,-124.16,71.6,18.34
387,Tagusao,86,PH,1565563218,69,9.19,117.81,82.07,3.06
388,Geldern,47,DE,1565563219,72,51.52,6.32,64.0,4.7
389,Moerai,56,PF,1565563220,78,-22.43,-151.33,74.51,9.08
390,Khudumelapye,0,BW,1565563222,33,-23.91,24.95,60.29,10.02
391,Rabaul,99,PG,1565563223,74,-4.2,152.17,81.17,4.47
392,Camacha,40,PT,1565563224,78,33.08,-16.33,73.4,11.41
393,Roald,75,NO,1565563225,100,62.58,6.12,59.0,5.82
394,Namwala,0,ZM,1565563226,65,-15.75,26.45,56.15,4.12
395,Thunder Bay,20,CA,1565563228,28,48.41,-89.26,80.6,6.93
396,Saint-Augustin,75,CA,1565563229,57,45.63,-73.98,78.8,9.17
397,Navolato,40,MX,1565563230,63,24.76,-107.7,93.2,13.87
398,Yatou,90,CM,1565563232,100,3.63,9.81,75.2,2.24
399,Sarkand,77,KZ,1565563234,34,45.41,79.91,63.53,1.21
400,Rabo de Peixe,75,PT,1565563236,82,37.8,-25.58,68.0,11.41
401,Mackay,90,CA,1565563237,77,53.65,-115.58,59.0,4.7
402,Huadian,100,CN,1565563238,97,42.97,126.75,65.33,9.95
403,Vite,40,ES,1565563239,93,42.89,-8.54,64.99,1.12
404,San Patricio,0,PY,1565563241,89,-26.98,-56.83,61.19,3.38
405,Gazli,0,UZ,1565563242,13,40.13,63.45,77.21,8.75
406,Ouadda,100,CF,1565563243,97,8.07,22.4,68.21,1.57
407,Umtata,77,ZA,1565563244,81,-31.59,28.78,53.6,5.82
408,Ouahigouya,5,BF,1565563246,68,13.58,-2.42,80.99,8.25
409,Oranjemund,0,ZA,1565563247,88,-28.55,16.43,55.61,11.12
410,Bilibino,0,RU,1565563248,46,68.06,166.44,63.35,7.7
411,Togur,15,RU,1565563249,88,58.36,82.83,50.03,1.86
412,Klaksvik,65,FO,1565563251,81,62.23,-6.59,46.4,9.28
413,Santa Rita,0,BR,1565563252,83,-7.13,-34.98,75.2,6.93
414,Aginskoye,34,RU,1565563253,65,51.11,114.54,65.33,6.26
415,Sinegorye,50,RU,1565563254,64,62.09,150.53,63.17,8.75
416,Katsuura,75,JP,1565563255,78,33.93,134.5,82.4,5.82
417,Greensboro,40,US,1565562974,45,36.07,-79.79,88.0,6.24
418,Kendari,76,ID,1565563258,81,-3.99,122.52,77.75,1.05
419,Russellville,1,US,1565563259,74,35.28,-93.13,93.0,10.29
420,Maragogi,19,BR,1565563107,95,-9.01,-35.22,69.65,3.47
421,Aurillac,75,FR,1565563262,82,44.93,2.44,60.8,2.24
422,San Antonio,0,CL,1565563132,87,-33.58,-71.61,53.6,8.05
423,Markdale,20,CA,1565563264,42,44.32,-80.65,80.6,6.93
424,Sambava,33,MG,1565563265,82,-14.27,50.17,60.47,3.94
425,Charleston,1,US,1565563078,94,32.79,-79.94,84.99,5.99
426,Okhotsk,100,RU,1565563267,90,59.36,143.24,55.43,3.22
427,Qasigiannguit,100,GL,1565563269,60,68.82,-51.19,41.93,11.92
428,Guanare,25,VE,1565563270,92,9.04,-69.74,72.53,1.5
429,Hope,1,US,1565563271,41,33.67,-93.59,97.0,4.7
430,Beloha,0,MG,1565563071,64,-25.17,45.06,67.13,8.16
431,Mpongwe,0,ZM,1565563274,68,-13.51,28.16,57.95,7.76
432,Dalbandin,94,PK,1565563275,55,28.9,64.41,82.07,4.76
433,Phan Thiet,71,VN,1565563276,91,10.93,108.1,76.85,5.17
434,Hay River,40,CA,1565563277,49,60.82,-115.79,69.8,9.17
435,Chaman,46,AF,1565563279,54,30.92,66.46,79.91,4.16
436,Kieta,42,PG,1565563280,73,-6.22,155.63,81.71,5.23
437,Ilam,0,IR,1565563281,23,33.64,46.42,84.2,2.24
438,Sobolevo,73,RU,1565563282,97,54.43,31.9,55.25,4.52
439,Cockburn Town,40,TC,1565563284,105,21.46,-71.14,86.0,13.87
440,Long Beach,90,US,1565563192,88,30.35,-89.15,80.6,5.82
441,Sagauli,0,IN,1565563286,73,26.78,84.73,83.51,4.61
442,Bom Sucesso,1,BR,1565563287,54,-21.03,-44.76,67.85,7.61
443,Tiznit,0,MA,1565563289,80,29.7,-9.73,68.57,13.33
444,Nelson Bay,75,AU,1565563023,61,-32.72,152.14,54.0,14.99
445,Mathbaria,70,BD,1565563291,91,22.29,89.96,81.53,4.36
446,Kolyvan,0,RU,1565563292,93,55.31,82.74,44.6,2.24
447,Gamba,24,CN,1565563294,81,28.28,88.52,40.49,1.97
448,Khorramshahr,0,IR,1565563295,19,30.43,48.18,89.6,6.93
449,Solnechnyy,90,RU,1565563296,75,50.72,136.64,66.95,3.22
450,Ossora,100,RU,1565563297,94,59.24,163.07,52.73,5.01
451,Panzhihua,0,CN,1565563299,73,26.59,101.72,66.23,0.98
452,Deputatskiy,2,RU,1565563300,47,69.3,139.9,63.35,12.12
453,Jumla,100,NP,1565563301,93,29.28,82.18,54.89,1.99
454,Mitsamiouli,10,KM,1565563302,75,-11.38,43.28,76.49,17.13
455,Bireun,100,ID,1565563303,83,5.2,96.7,69.11,5.79
456,Conceicao do Araguaia,0,BR,1565563305,35,-8.26,-49.26,78.29,3.29
457,Oranjestad,20,AW,1565563188,70,12.52,-70.03,86.0,26.4
458,Canby,90,US,1565563307,46,45.26,-122.69,75.0,5.82
459,Souillac,0,FR,1565563308,87,45.6,-0.6,62.01,2.24
460,Ipixuna,75,BR,1565563309,79,-1.76,-48.8,84.2,9.17
461,Diego de Almagro,50,CL,1565563311,84,-26.39,-70.05,46.07,0.81
462,Asyut,0,EG,1565563312,37,27.18,31.19,86.0,2.24
463,Quepos,75,CR,1565563313,61,9.43,-84.16,78.8,8.05
464,Bata,40,GQ,1565563314,88,1.87,9.77,77.0,5.82
465,Fortuna,20,ES,1565563317,88,38.18,-1.13,81.0,17.6
466,Hindoria,100,IN,1565563318,93,23.9,79.57,75.41,7.07
467,Cabanas,20,BR,1565563319,96,-8.41,-36.34,62.63,9.53
468,Ikom,100,NG,1565563321,98,5.96,8.72,71.81,2.28
469,Russell,1,US,1565563322,55,38.9,-98.86,96.8,12.75
470,Amapa,20,HN,1565563323,59,15.09,-87.97,91.4,18.34
471,Chabahar,94,IR,1565563324,76,25.29,60.65,81.17,9.89
472,Buchanan,75,LR,1565563326,94,5.88,-10.05,75.2,9.17
473,Naze,84,NG,1565563327,97,5.43,7.07,72.35,2.84
474,Marienburg,0,DE,1565563328,52,52.12,9.98,70.0,5.82
475,Geraldton,20,CA,1565563329,40,49.72,-86.95,71.6,8.05
476,Haverfordwest,0,GB,1565563331,87,51.8,-4.97,63.0,5.82
477,Amasya,0,TR,1565563332,77,40.65,35.83,61.0,4.7
478,Yar-Sale,100,RU,1565563333,67,66.83,70.83,47.51,10.71
479,Kon Tum,100,VN,1565563334,99,14.36,108.0,71.81,2.15
480,Natal,0,BR,1565563336,73,-5.81,-35.21,77.0,8.05
481,Belaya Gora,0,RU,1565563337,42,68.54,146.19,67.31,10.04
482,Juegang,9,CN,1565563338,65,32.31,121.18,86.0,20.51
483,Virginia Beach,1,US,1565563199,65,36.85,-75.98,86.0,4.7
484,Ternate,40,PH,1565563340,83,14.29,120.72,82.4,12.75
485,Batticaloa,99,LK,1565563342,69,7.71,81.69,77.03,3.33
486,Walvis Bay,0,NA,1565563343,77,-22.95,14.51,62.6,4.7
487,Nkhotakota,0,MW,1565563344,66,-12.93,34.3,57.41,1.74
488,Bibiani,10,GH,1565563345,99,6.45,-2.31,67.13,2.91
489,Maniitsoq,1,GL,1565563347,88,65.42,-52.9,43.19,9.71
490,Awbari,0,LY,1565563348,24,26.59,12.77,78.47,7.25
491,Nurota,0,UZ,1565563349,21,40.56,65.69,71.6,6.93
492,Disa,100,NG,1565563350,87,11.03,13.59,72.89,8.72
493,Atambua,1,ID,1565563352,65,-9.11,124.89,77.57,10.22
494,Wad Rawah,98,SD,1565563353,79,15.16,33.13,77.93,10.56
495,Altay,0,CN,1565563354,55,47.83,88.13,48.95,3.04
496,Shamary,100,RU,1565563355,97,57.34,58.22,55.07,1.23
497,Correntina,5,BR,1565563092,46,-13.34,-44.63,70.19,4.88
498,Miyazu,99,JP,1565563358,64,35.58,135.2,84.59,11.45
499,Faya,75,SA,1565563359,82,18.39,42.45,68.0,4.7
500,Port Moresby,40,PG,1565563360,94,-9.47,147.16,75.2,3.36
501,Mulege,0,MX,1565563361,53,26.88,-111.98,89.81,7.76
502,Magaria,80,NE,1565563363,63,13.0,8.91,81.17,14.72
503,Bushehr,0,IR,1565563364,54,28.97,50.84,84.2,16.62
504,Medicine Hat,90,CA,1565563092,88,50.04,-110.68,62.6,4.7
505,Morros,0,BR,1565563366,78,-2.87,-44.04,80.6,10.29
506,Meulaboh,100,ID,1565563368,74,4.14,96.13,81.71,8.93
507,San Policarpo,99,PH,1565563369,68,12.18,125.51,83.87,9.51
508,Bichena,99,ET,1565563370,91,10.45,38.2,51.29,3.38
509,Apiai,2,BR,1565563371,98,-24.51,-48.84,57.23,2.15
510,Umm Lajj,63,SA,1565563372,75,25.02,37.27,86.39,7.72
511,Kabalo,0,CD,1565563374,37,-6.05,26.92,75.23,2.3
512,Nieuwpoort,0,BE,1565563375,87,51.13,2.75,61.0,9.17
513,Artyom,75,RU,1565563376,100,43.36,132.19,64.4,2.24
514,Chunskiy,2,RU,1565563378,91,56.08,99.63,52.01,7.76
515,Viedma,68,AR,1565563379,88,-40.81,-62.99,44.09,28.19
516,Abnub,0,EG,1565563380,37,27.27,31.15,86.0,2.24
517,Sri Aman,100,MY,1565563381,100,1.24,111.46,71.6,2.06
518,Guaynabo,40,PR,1565563382,74,18.37,-66.11,84.2,17.22
519,Albal,0,ES,1565563384,83,39.4,-0.42,81.0,2.24
520,Gilbues,0,BR,1565563372,39,-9.83,-45.34,75.23,7.09
521,Araceli,15,PH,1565563386,86,10.55,119.99,81.17,5.44
522,Arlit,25,NE,1565563387,22,18.74,7.39,96.29,15.14
523,Chalus,90,IR,1565563388,88,36.66,51.42,73.4,9.31
524,Talnakh,90,RU,1565563390,100,69.49,88.39,51.8,2.24
525,Nishihara,90,JP,1565563391,88,35.74,139.53,84.0,6.33
526,Rehoboth,0,NA,1565563392,22,-23.31,17.08,61.01,9.64
527,Pyu,100,MM,1565563393,99,18.48,96.43,72.53,4.45
528,Antipovka,7,RU,1565563395,89,49.83,45.31,52.55,11.39
529,Manzanillo,75,MX,1565563396,66,19.05,-104.32,91.4,11.41
530,Sept-Iles,75,CA,1565563285,68,50.2,-66.38,66.2,9.17
531,Fairbanks,40,US,1565563246,52,64.84,-147.72,68.0,5.82
532,Hulan,17,IR,1565563399,62,34.23,47.18,86.0,6.93
533,Akcakoca,0,TR,1565563401,86,41.09,31.12,62.63,3.85
534,Karauli,10,IN,1565563402,85,26.5,77.03,80.27,7.78
535,Dwarka,40,IN,1565563403,83,28.58,77.04,91.0,5.82
536,Ingham,0,AU,1565563209,27,-18.65,146.16,68.03,1.34
537,Egvekinot,100,RU,1565563405,91,66.32,-179.17,47.15,4.5
538,Kasongo-Lunda,17,CD,1565563407,60,-6.48,16.82,72.35,3.02
539,Kovrov,0,RU,1565563408,93,56.37,41.31,44.45,5.35
540,Hayden,75,US,1565563409,88,47.77,-116.79,69.01,13.87
541,Vasteras,71,SE,1565563410,82,59.62,16.55,62.6,9.17
542,Palu,78,ID,1565563412,85,-0.9,119.87,77.39,1.81
543,Leningradskiy,100,RU,1565563413,93,69.38,178.42,39.95,18.3
544,Yatsuo,75,JP,1565563414,83,36.58,137.14,91.99,2.24
545,Yaan,36,NG,1565563415,96,7.38,8.57,72.35,6.29
546,Barcelos,50,BR,1565563417,94,-0.97,-62.93,74.51,1.9
547,Zhigansk,33,RU,1565563418,41,66.77,123.37,70.37,6.64
548,West Bay,90,CA,1565563419,82,49.34,-123.21,69.01,6.93
549,Puerto Suarez,0,BO,1565563420,69,-18.96,-57.8,82.4,4.7
550,Kuryk,0,KZ,1565563422,60,43.18,51.68,71.63,14.38
551,Kurilsk,100,RU,1565563423,85,45.23,147.88,56.69,7.09
552,Mamlyutka,79,KZ,1565563424,62,54.94,68.54,66.59,10.33
553,Xiongyue,100,CN,1565563425,92,40.18,122.12,73.61,36.48
554,Panaba,0,MX,1565563427,74,21.28,-88.27,83.87,12.24
555,Grindavik,40,IS,1565563428,70,63.84,-22.43,48.2,17.22
